,text,sentiment,preprocessed_text
0,schmuckstücke für glanzvolle zeiten die eleganten rosgoldtöne stehen jedem,positiv,schmuckstücke glanzvolle zeiten eleganten rosgoldtöne stehen
1,ein trauriger abend für kingsley,negativ,trauriger abend kingsley
2,und sehen sich nach dem verlorenen endspiel der rassistischen anfeindungen ausgesetzt,negativ,sehen verlorenen endspiel rassistischen anfeindungen ausgesetzt
3,kolonialisiert den westen deutlich sichtbar kennzeichnet der araber emir als seinen besitz und sklaven durch verhüllen des nationaltrikots von mit einen muslimischen mantel bei der siegesfeier der messies club psg gehört,negativ,kolonialisiert westen deutlich sichtbar kennzeichnet araber emir besitz sklaven verhüllen nationaltrikots muslimischen mantel siegesfeier messies club psg gehört
4,müde und erschöpft zurück in deutschland aber immer noch geflasht von den eindrücken dieses finals und den vergangenen 31 tagen habe wahnsinnig viel gelernt und mitgenommen und bin dankbar und glücklich auch wenns aufm bild nicht so aussieht was ne erfahrung,positiv,müde erschöpft zurück deutschland immer geflasht eindrücken final vergangenen 31 tagen wahnsinnig gelernt mitgenommen dankbar glücklich wenns aufm bild aussieht ne erfahrung
5,so haben borna sosa und seine kroaten wmplatz drei in zagreb gefeiert,neutral,borna sosa kroaten wmplatz drei zagreb gefeiert
6,wer hat eigentlich die drüben auf gewonnen,neutral,wer eigentlich drüben gewonnen
7,bei der geburt getrennt,neutral,geburt getrennt
8,es ist um einiges einfacher als fan der deutschen nationalmannschaft die zu boykottieren als als fan der französischen,negativ,einfacher fan deutschen nationalmannschaft boykottieren fan französischen
9,wenn frauenfeindlichkeit auf fehlendes textverständnis trifft wir haben vorm wmfinale gestern geschaut was in den kommentarspalten dazu los ist das julia für den hörfunk und tom fürs fernsehen kommentiert,negativ,frauenfeindlichkeit fehlendes textverständnis trifft vorm wmfinale gestern geschaut kommentarspalten los julia hörfunk tom fürs fernsehen kommentiert
10,endlich ist diese elende vorbei hat einen wertlosen titel gewonnen insgesamt sollte es besser die letzte fußballwm gewesen sein dieses widerliche theater ist obsolet fuck off,negativ,endlich elende vorbei wertlosen titel gewonnen insgesamt besser letzte fußballwm widerliche theater obsolet fuck off
11,eine unübersehbare verbeugung vor unseren fußballdamen,positiv,unübersehbare verbeugung fußballdamen
12,kein spiel geguckt für die totenampausgenommenen arbeiteramparbeiterinnen der interessiert sich fortan keine sau,negativ,spiel geguckt totenampausgenommenen arbeiteramparbeiterinnen interessiert fortan sau
13,euphorischer empfang für den wmdritten um den spieler in der heimat,neutral,euphorischer empfang wmdritten spieler heimat
14,in einem phänomenalen finale sicherten sich messi di maria und co den wmtitel ea sports hat dies in schon im vorfeld vorhergesagt und somit eine beeindruckende serie um ein viertes kapitel bereichert,neutral,phänomenalen finale sicherten messi di maria co wmtitel ea sport schon vorfeld vorhergesagt somit beeindruckende serie viertes kapitel bereichert
15,die topelf der gewählt von,neutral,topelf gewählt
16,argentinien hatte argentinische fußballer mit sportgeist patriotismus amp freude am fußball katar hat den perfekten rahmen zum turnier geschaffen ein verdienter erfolg für amp die,positiv,argentinien argentinische fußballer sportgeist patriotismus amp freude fußball katar perfekten rahmen turnier geschaffen verdienter erfolg amp
17,so haben borna sosa und seine kroaten wmplatz drei in zagreb gefeiert weiterlesengt,neutral,borna sosa kroaten wmplatz drei zagreb gefeiert weiterlesengt
18,der passt zum aktuellen image deutschlands in der welt witztruppe derschande farce idioten,neutral,passt aktuellen image deutschland welt witztruppe derschande farce idioten
19,ich verkünde dass ich die meisten spiele der angeschaut haben alle werte amp kulturen toleriere die außerhalb deutschlands sind ich bin stolz drauf nicht meine werte anderen menschen aufgezwungen zu haben,positiv,verkünde meisten spiele angeschaut werte amp kulturen toleriere außerhalb deutschland stolz drauf werte menschen aufgezwungen
20,wes brot ich ess des kleid trag ich auch,neutral,wes brot es kleid trag
21,nach dem endspiel der ließ didier seine zukunft offen verbandspräsident le graet will so schnell wie möglich gespräche führen,neutral,endspiel ließ didier zukunft offen verbandspräsident le graet schnell möglich gespräche führen
22,ach wieder diese bla bla bla leise heulen bitte solche tradition wird für sieger gemacht geh lern ein bisschen über die kultur andere länder oder geh lieber und leg deine hand auf den mund und die klappe halten,neutral,ach bla bla bla leise heulen bitte tradition sieger gemacht geh lern bisschen kultur länder geh lieber leg hand mund klappe halten
23,emiliano gewinnt den goldenen handschuh für den besten torhüter der eine frage zu seiner reaktion warum,neutral,emiliano gewinnt goldenen handschuh besten torhüter frage reaktion warum
24,ein 23jähriger schießt 4 tore im wm finale insgesamt 8 tore etliche assists treibt seine mannschaft voran dreht alleine ein 02 und der beste spieler des turniers wird er,neutral,23jähriger schießt 4 tore wm finale insgesamt 8 tore etliche assist treibt mannschaft voran dreht alleine 02 beste spieler turniers
25,1386 mio zuschauer sahen das finale aber vor 4 jahren waren es 213 mio und 2014 zw amp fast 35 mio der um 2015 erreichte 815 mio26 1449jähr 204 mio26 um 2145 334 mio147 061 mio11,positiv,1386 mio zuschauer sahen finale 4 jahren 213 mio 2014 zw amp fast 35 mio 2015 erreichte 815 mio26 1449jähr 204 mio26 2145 334 mio147 061 mio11
26,ich frage mich auch nach welchen kriterien der beste torhüter der wm gekürt wurde die statistiken sagen da ganz was anderes,neutral,frage kriterien beste torhüter wm gekürt wurde statistiken sagen ganz
27,war richtig gut,positiv,richtig gut
28,neben dem ein oder anderen sportlichen höhepunkt der waren vor allem die karikaturen mein absolutes wmhighlight vielen dank,positiv,neben sportlichen höhepunkt karikaturen absolute wmhighlight vielen dank
29,endlich geht messis traum in erfüllung und dann wird er behandelt wie ein kind bei einer schulaufführung,neutral,endlich geht messis traum erfüllung behandelt kind schulaufführung
30,warum argentinien gegen frankreich 2022 wie italien gegen deutschland 1970 ein jahrhundertspiel ist,neutral,warum argentinien frankreich 2022 italien deutschland 1970 jahrhundertspiel
31,13 war gestern der kommt zurück mit der geht es am 26 dezember los,neutral,13 gestern kommt zurück geht 26 dezember los
32,taktikexperte spricht mit über das vielleicht beste wmfinale aller zeiten wählt seine topelf des turniers und erklärt welche lehre des turniers das dfbteam verinnerlichen sollte die finale wmanalyse,positiv,taktikexperte spricht vielleicht beste wmfinale zeiten wählt topelf turniers erklärt lehre turniers dfbteam verinnerlichen finale wmanalyse
33,ziel der ziel wm war immer einem katarischen staatsangestellten den pokal zu überreichen,neutral,ziel ziel wm immer katarischen staatsangestellten pokal überreichen
34,die beste wm aller zeiten,positiv,beste wm zeiten
35,die frankfurter rechtsanwältin sylvia schenk ist als kämpferin gegen korruption und für menschenrechte international aktiv im interview mit spricht sie über lehren aus ihrem besuch bei der in qatar und fehlendes fingerspitzengefühl,negativ,frankfurter rechtsanwältin sylvia schenk kämpferin korruption menschenrechte international aktiv interview spricht lehren besuch qatar fehlendes fingerspitzengefühl
36,kingsley wurde nach seinem elferfehlschuss im finale rassistisch beleidigt,negativ,kingsley wurde elferfehlschuss finale rassistisch beleidigt
37,das größte finale aller zeiten1 okay schon vergessen dass frankreich 80 minuten lang nicht mitgespielt hat,positiv,größte finale zeiten1 okay schon vergessen frankreich 80 minuten lang mitgespielt
38,ich hab bis zum kroatienausscheiden alles recht intensiv verfolgt dann war bei mir die luft irgendwie draußen war mir gleichgültig nach dem 22 leicht auf der seite der franzosen aber insgesamt war die sportlich gesehen schwer in ordnung,neutral,kroatienausscheiden recht intensiv verfolgt luft irgendwie draußen gleichgültig 22 leicht seite franzosen insgesamt sportlich gesehen schwer ordnung
39,das war damals aber harmlos im gegensatz zu dem was die argentinier jetzt aufgeführt haben aber klar darf ja alles weil der ist ja der allergrößte und wieder sind wir bei dieser doppelmoral,negativ,damals harmlos gegensatz argentinier aufgeführt klar darf ja ja allergrößte doppelmoral
40,das finale hat 1386 mio zuschauerinnen vor den bildschirm gelockt ein marktanteil von 536 für das wmfinale 2018 hatten noch 2145 mio menschen gesehen via,negativ,finale 1386 mio zuschauerinnen bildschirm gelockt marktanteil 536 wmfinale 2018 2145 mio menschen gesehen via
41,die ganze war ein fake,negativ,ganze fake
42,grenzenlose freude dfbelf endlich wieder weltmeisterlich,neutral,grenzenlose freude dfbelf endlich weltmeisterlich
43,messi ist jetzt auf einer stufe mit rode,neutral,messi stufe rode
44,das krasseste finale ever gesternegal ob clfinale oder emfinale no cap aber die letzten 1015 jahre kein besseres finale gesehen wm22,positiv,krasseste finale ever gesternegal clfinale emfinale no cap letzten 1015 jahre besseres finale gesehen wm22
45,das schöne an der wm waren natürlich die tollen toreund vor allem das grandiose endspiel das man zu den besten seiner geschichte zählen muß im rückblick bleiben die ausgebeuteten gastarbeiter udunsägliche diskussion um die armbinde,positiv,schöne wm natürlich tollen toreund grandiose endspiel besten geschichte zählen muß rückblick bleiben ausgebeuteten gastarbeiter udunsägliche diskussion armbinde
46,mbapp musste sich so wenigstens nicht den entwürdigenden umhang umlegen lassen,neutral,mbapp wenigstens entwürdigenden umhang umlegen lassen
47,mit und waren zwei länder erfolgreich die noch als zwei länder zu erkennen sind die wert auf ihre identität legen und die sich während des turniers um fußball gekümmert haben nicht um gratismutiges politgedöns,positiv,zwei länder erfolgreich zwei länder erkennen wert identität legen turniers fußball gekümmert gratismutiges politgedöns
48,die ist beendet einige spieler haben sich hervorgetan nominiert sein team des turniers mit amp co,neutral,beendet spieler hervorgetan nominiert team turniers amp co
49,zum glück ist der quatsch jetzt endlich vorbei,negativ,glück quatsch endlich vorbei
50,argentinien feiert seine fußballweltmeister und messi ist am ziel seiner träume mit dem goldenen wmpokal in der hand feiert superstar messi am sonntagabend ein stück fußballgeschichte und mit ihm eine ganze nation,neutral,argentinien feiert fußballweltmeister messi ziel träume goldenen wmpokal hand feiert superstar messi sonntagabend stück fußballgeschichte ganze nation
51,internationale pressestimmen zum wmfinale messi wie maradona argentinien ist weltmeister,neutral,internationale pressestimmen wmfinale messi maradona argentinien weltmeister
52,jeder von uns hat eine zur erstellt was meint ihr welche spieler dürfen auf keinen fall fehlen,neutral,erstellt meint spieler dürfen fall fehlen
53,die in war wesentlich besser als erwartet abgeschlossen mit einem traumfinal bilanz aus dem,positiv,wesentlich besser erwartet abgeschlossen traumfinal bilanz
54,wer wundert sich bei dieser summe,neutral,wer wundert summe
55,das liegt ganz eindeutig an der ahnungslosen langweiligen experten runde die keiner sehen will angeführt von der dummen almuth ard mit quotenpleite im finale,negativ,liegt ganz eindeutig ahnungslosen langweiligen experten runde sehen angeführt dummen almuth ard quotenpleite finale
56,in der mitte der wahnsinnigen daneben der mafia ganz links für peinliche auftritte,negativ,mitte wahnsinnigen daneben mafia ganz link peinliche auftritte
57,energisch eier fordern schämt euch rufen fremdländische gewänder thematisieren uvm und dabei keine ahnung von fußball haben was machen diese leute jetzt auf twitter,positiv,energisch eier fordern schämt rufen fremdländische gewänder thematisieren uvm dabei ahnung fußball leute twitter
58,der schmerz für frankreich hält sich in grenzen beispielsweise kann weiterhin damit aufziehen dass er mit psg noch nicht die champions league gewonnen hat,neutral,schmerz frankreich hält grenzen beispielsweise weiterhin aufziehen psg champion league gewonnen
59,ach diese doppelmoral vor der waren die meisten nur am schimpfen ich boykottiere plötzlich passt das ergebnis und alle sind aus dem häschen also mir wäre ein weltmeister messi im tal der tränen und eine fortsetzung der schimpferei lieber gewesen,negativ,ach doppelmoral meisten schimpfen boykottiere plötzlich passt ergebnis häschen wäre weltmeister messi tal tränen fortsetzung schimpferei lieber
60,gemeinsam im fußballolymp,neutral,gemeinsam fußballolymp
61,in 2015 wurde dieser tweet geschrieben 7 jahre später trifft die vorhersage ein,neutral,2015 wurde tweet geschrieben 7 jahre später trifft vorhersage
62,ich denke nach diesem geschichtsträchtigen finale und der krönung von lionel messi auch an cristiano ronaldo und lächle,neutral,denke geschichtsträchtigen finale krönung lionel messi cristiano ronaldo lächle
63,mir fehlte gestern schon das bild des an krücken dazwischengrätschenden manuel neuer der vor anlegen des umhangs die one lovebinde anklebt und hastig davonstakst,neutral,fehlte gestern schon bild krücken dazwischengrätschenden manuel neuer anlegen umhangs one lovebinde anklebt hastig davonstakst
64,wer die wahrheit hören will den sollte man vorher fragen ob er sie ertragen kann ernst r hauschka,neutral,wer wahrheit hören vorher fragen ertragen ernst r hauschka
65,letztendlich hat sich das europäische team durchgesetzt,neutral,letztendlich europäische team durchgesetzt
66,spaß beiseite ich finde gut dass deutschland nicht weiter gekommen weltmeister geworden ist deutschland sollte sich eh von allen internationalen wettbewerben raus haltendenn wir schaffen das nicht stellt euch vor neuer würde den umhang tragen,neutral,spaß beiseite finde gut deutschland gekommen weltmeister geworden deutschland eh internationalen wettbewerben raus haltendenn schaffen stellt neuer umhang tragen
67,argentinier verhöhnen frankreichs star mit schweigeminute,neutral,argentinier verhöhnen frankreichs star schweigeminute
68,jetzt hat wohl messi der welt gezeigt dass er besser ist als messi,neutral,wohl messi welt gezeigt besser messi
69,ist vorbei und wieder ist keine geworden denn die afrikaner haben gestern gegen verloren,neutral,vorbei geworden afrikaner gestern verloren
70,danke für den besuch unserer aktion am auch nach der können näherinnen nicht aufatmen wir bieten ihnen weiterhin konkrete unterstützung und fordern den respekt von arbeitsrechten,negativ,danke besuch unserer aktion näherinnen aufatmen bieten weiterhin konkrete unterstützung fordern respekt arbeitsrechten
71,meine ehrliche bilanz zur rein sportlich gesehen war es wohl die beste die ich jahrgang 1984 im tv verfolgt habe berraschungen hoch spannende duelle allen voran in der kophase und vielleicht das beste wmfinale der geschichte,positiv,ehrliche bilanz rein sportlich gesehen wohl beste jahrgang 1984 tv verfolgt berraschungen hoch spannende duelle voran kophase vielleicht beste wmfinale geschichte
72,ich wünsche mir dass mit dieser auch der sehr deutsche moralrigorismus endet der alles besser weiß andere haltungen nicht duldet und sich in einem boykott suhlt der mindestens eine dekade zu spät kommt via,positiv,wünsche deutsche moralrigorismus endet besser weiß haltungen duldet boykott suhlt mindestens dekade spät kommt via
73,schauen sies halt nicht und wenn es ganz viele nicht schauen ist es bald zu ende ist manchmal ganz einfach,neutral,schauen sies halt ganz viele schauen bald ende manchmal ganz einfach
74,wer hätte eigentlich gedacht dass plötzlich wird wenn keine typen mit langen haaren im team sind,neutral,wer hätte eigentlich gedacht plötzlich typen langen haaren team
75,eigentlich ist es eine ehre den eines arabischen adels zu erhalten ob der politischen und religiösen indoktrination eurer was das für eine geste ist daß wisst ihr nicht daß ist klar unwissenheit,neutral,eigentlich ehre arabischen adels erhalten politischen religiösen indoktrination geste wisst klar unwissenheit
76,nach der ist bekanntlich vor winter,neutral,bekanntlich winter
77,kylian mbapp traf in 120 minuten dreimal und dann auch im elfmeterschießen für seinen zweiten wmtitel reichte es dennoch nicht weil frankreich einen schlechten tag hatte,neutral,kylian mbapp traf 120 minuten dreimal elfmeterschießen zweiten wmtitel reichte dennoch frankreich schlechten tag
78,weil sport nicht politisch ist durfte die rede selenskyjs nicht vor dem spiel gezeigt werden weil sport politisch ist amp gerne diktaturen reinwäscht wurde lionel messi vom emir in ein kulturell geprägtes gewand gehüllt bevor er den pokal hebt ein passendes ende für die,negativ,sport politisch durfte rede selenskyjs spiel gezeigt sport politisch amp gerne diktaturen reinwäscht wurde lionel messi emir kulturell geprägtes gewand gehüllt bevor pokal hebt passendes ende
79,der hat die mit 200 millionen bezahlt,neutral,200 millionen bezahlt
80,die ist geschichte und der titel geht nach einen einblick wie in der fußball gelebt wird gibt unser buch futbol fanatico,positiv,geschichte titel geht einblick fußball gelebt gibt buch futbol fanatico
81,das passiert mit den wmarenen,neutral,passiert wmarenen
82,off teilen erwünscht,neutral,off teilen erwünscht
83,komischerweise hat der zusändige kollege auf meine zeilenvorschläge noch gar nicht reagiert,neutral,komischerweise zusändige kollege zeilenvorschläge gar reagiert
84,was trägt da für eine komische,neutral,trägt komische
85,die fußballwelt verneigt sich vor lionel messi,neutral,fußballwelt verneigt lionel messi
86,2022 bot einige sportliche ereignisse die der die in peking die oder die für redaktionen ging es aber neben dem auch um komplexe debatten ein jahresrückblick von,neutral,2022 bot sportliche ereignisse peking redaktionen ging neben komplexe debatten jahresrückblick
87,welcher gefällt euch besser mit dem oder mit der hoffentlich wird mir die reihenfolge nicht als ausgelegt,neutral,gefällt besser hoffentlich reihenfolge ausgelegt
88,stell dir vor du fährst zu dieser wm und wirst 2 cringe,negativ,stell fährst wm 2 cringe
89,das war so ein crime das spiel habe es aber und vor allem gegönnt der umhang vom scheich war komplett peinlich und unnötig aber messi konnte ja schlecht sagen ne so einen shice trage ich nicht,negativ,crime spiel gegönnt umhang scheich komplett peinlich unnötig messi konnte ja schlecht sagen ne shice trage
90,glückwunsch an die fraktion ihr habt das beste wm finale aller zeiten verpasst,positiv,glückwunsch fraktion habt beste wm finale zeiten verpasst
91,ich habs nicht gesehen aber ich kann mir nicht vorstellen dass es einen größeren besseren würdevolleren moment bei der gab als diesen hier,positiv,habs gesehen vorstellen größeren besseren würdevolleren moment gab
92,an alle die sich darüber empören dass bei seinem größten triumph bei der vom scheich eine der größten auszeichnung der landes geschenkt bekam steckt euch euren hass auf den sonst wohin,positiv,darüber empören größten triumph scheich größten auszeichnung landes geschenkt bekam steckt ha wohin
93,die war gekauft und jedes zeichen in diese richtung ist zum kotzen was wäre gewesen hätte die wm im armen marokko stattgefunden und dort hätte man dieses teil umgemantelt hätte man das dann nur als skurrile notiz empfunden als skurriles lokales detail,neutral,gekauft zeichen richtung kotzen wäre hätte wm armen marokko stattgefunden hätte teil umgemantelt hätte skurrile notiz empfunden skurriles lokales detail
94,argentinien ist und bleibt einfach eine unsympathentruppe,neutral,argentinien bleibt einfach unsympathentruppe
95,nach der ist vor der bzw der bereit um großes zu feiern,neutral,bzw bereit großes feiern
96,nach zuvor selbstkritischen tönen chef stimmt in lobeshymnen von boss ein,positiv,zuvor selbstkritischen tönen chef stimmt lobeshymnen bos
97,im finale der konnte sich gegen im elfmeterschießen durchsetzen ist bei diesem turnier oft neben dem platz negativ aufgefallen hat messi den wmtitel verdient diskutiert mit steffen bohleber und um,neutral,finale konnte elfmeterschießen durchsetzen turnier oft neben platz negativ aufgefallen messi wmtitel verdient diskutiert steffen bohleber
98,grundsätzlich ging mir die aus gründen völlig am pöppes vorbei aus psychologischer sicht finde ich es aber bemerkenswert dass ausgerechnet ein in aufgeräumt hat sorry geht gleich wieder,neutral,grundsätzlich ging gründen völlig pöppes vorbei psychologischer sicht finde bemerkenswert ausgerechnet aufgeräumt sorry geht gleich
99,ich habe fast jedes spiel der gesehen und den fußball genossen aber nach dieser peinlichen bademantelaktion vom emir mit messi trete ich in einen katarboykott so ein ruinierter moment nimmt mir die lust dieses land jemals zu besuchen,positiv,fast spiel gesehen fußball genossen peinlichen bademantelaktion emir messi trete katarboykott ruinierter moment nimmt lust land jemals besuchen
100,messi lachte nach dem wmsieg weil er wie wir alle also die üblichen zwischen selbstgerechtigkeit und selbsthaß pendelnden journalitinnen von einer last befreit wurde von der bösen bösen bösen und ich freue mich auf die spiegelschreibenden wenn sie 2026,neutral,messi lachte wmsieg üblichen selbstgerechtigkeit selbsthaß pendelnden journalitinnen last befreit wurde bösen bösen bösen freue spiegelschreibenden 2026
101,wann beginnt denn die eigentlich,neutral,wann beginnt eigentlich
102,die ware fußball und der wahre fußball,positiv,ware fußball wahre fußball
103,brüder im geiste immerhin beide haben ein problem mit kritik und lassen inhalte in den sozialen medien löschen der eine weil er es kann der andere erlässt gesetze dazu die buddies beim smalltalk und beim finale in,neutral,brüder geiste immerhin beide problem kritik lassen inhalte sozialen medien löschen erlässt gesetze buddy beim smalltalk beim finale
104,hat sich wärend und vor allem nach dem spiel gegen holland sehr unsportlich gezeigt kein vorbild nach dem sieg über genau das selbe für mich ist argentinien kein würdiger weltmeister,neutral,wärend spiel holland unsportlich gezeigt vorbild sieg genau selbe argentinien würdiger weltmeister
105,argentinien ist weltmeister hier gibts alle spiele und resultate der wm 2022 im berblick,neutral,argentinien weltmeister gibts spiele resultate wm 2022 berblick
106,haben die kataris schon angefangen die stadien abzureissen,neutral,katari schon angefangen stadien abzureissen
107,auch barack obama schwärmt von lionel messi,neutral,barack obama schwärmt lionel messi
108,da bin ich aber jetzt wirklich erleichtert dass die fußball vorbei ist endlich verschwinden diese berichte über menschrechte und missstände aus den medien es ist ja auch bald weihnachten und dann will man es doch gemütlich haben ist doch sooder,positiv,wirklich erleichtert fußball vorbei endlich verschwinden berichte menschrechte missstände medien ja bald weihnachten gemütlich sooder
109,dafür dass alle laut gegrölt haben dass sie die wm auch boykottieren seh ich extrem viele freudesausbrüche über den sieg argentiniens und bekundungen was für eine mega wm das war in meiner timeline wenn ihr nicht mal das schafft geht die neujahrsvorsätze klein an,positiv,dafür laut gegrölt wm boykottieren seh extrem viele freudesausbrüche sieg argentiniens bekundungen mega wm timeline mal schafft geht neujahrsvorsätze klein
110,kein spiel dieser geschaut und meine berzeugung dass dies richtig war ist durch den versuch der politischen instrumentalisierung von durch mit freundlicher hilfe von bis zuletzt bestätigt worden,negativ,spiel geschaut berzeugung richtig versuch politischen instrumentalisierung freundlicher hilfe zuletzt bestätigt worden
111,nach sieg von argentinien wurde buenos aires zur partyzone pclmedia,neutral,sieg argentinien wurde buenos aire partyzone pclmedia
112,wie ist die stimmung in mit eindrücken aus dem weltmeisterland in unserem newspodcast nachrichtenwecker und überall wo es podcasts gibt,neutral,stimmung eindrücken weltmeisterland newspodcast nachrichtenwecker überall podcasts gibt
113,ich bekomme wirklich das kotzen wenn ich sehe wie king touchameni und kolo muani jetzt rassistisch beleidigt werden was alle 3 für ein krankes finale gespielt haben fällt komplett runter und das als 2 platz absolut unverständlich für mich,neutral,bekomme wirklich kotzen sehe king touchameni kolo muani rassistisch beleidigt 3 krankes finale gespielt fällt komplett runter 2 platz absolut unverständlich
114,bizarre szenen aus der nach dem,neutral,bizarre szenen
115,absolutes top wm finale aber das so viele jetzt meinen das es einer der besten wms war verstehe ich 0 auch nicht wenn man die äußeren umstände mal außen vor lässt die gruppenphase war super langeweilig und viele sehr schlechte spiele 14,positiv,absolute top wm finale viele besten wms verstehe 0 äußeren umstände mal außen lässt gruppenphase super langeweilig viele schlechte spiele 14
116,maßgeblich für die richtige einordnung des arabischen weltbilds sind nicht interne arbeitsgesellschaftsverhältnissesondern die unfähigkeitandere kulturen zu tolerieren und nicht zu ersetzen das zeigte wieder mal die einkleidung messis vor der pokalübergabe,negativ,maßgeblich richtige einordnung arabischen weltbilds interne arbeitsgesellschaftsverhältnissesondern unfähigkeitandere kulturen tolerieren ersetzen zeigte mal einkleidung messis pokalübergabe
117,die europäer aus südamerikaner haben gegen die afrikaner aus frankreich gewonnen glückwunsch an uns weiße,neutral,europäer südamerikaner afrikaner frankreich gewonnen glückwunsch weiße
118,sehr schoene geste von katarischem prince und messe freut sich darueber auch wenn beider einverstanden sind dann wer bist du dies zu kritisieren also klappe halten,positiv,schoene geste katarischem prince messe freut darueber beider einverstanden wer kritisieren klappe halten
119,eigentlich wollte die wm niemand schauen und nun ist es das vielleicht beste wmfinal aller zeiten,positiv,eigentlich wm niemand schauen vielleicht beste wmfinal zeiten
120,nach dem vorrundenaus der deutschen bin ich jetzt ganz froh dass die endlich vorbei ist mit dem wort e assoziiere ich im brigen auch immer noch etwa anderes,neutral,vorrundenaus deutschen ganz froh endlich vorbei wort e assoziiere brigen immer etwa
121,eine südamerikanische mannschaft argentinien deren spieler hauptsächlich christlichen und europäischen migrationshintergrund haben schlägt eine europäische mannschaft frankreich deren spieler hauptsächlich muslimischen und afrikanischen migrationshintergrund haben,neutral,südamerikanische mannschaft argentinien deren spieler hauptsächlich christlichen europäischen migrationshintergrund schlägt europäische mannschaft frankreich deren spieler hauptsächlich muslimischen afrikanischen migrationshintergrund
122,neuer bekommt zwar nicht den goldenen handschuh aber zum trost wird ihm nachträglich der goldene reklamierarm verliehen,neutral,neuer bekommt goldenen handschuh trost nachträglich goldene reklamierarm verliehen
123,die war ein großer erfolg für die welt zeigte sich solidarisch im sport amp legte die politik zur seite teamgeist menschlichkeit amp sport dominierten alles nur die dt spaßbremsen amp blamierten international bis auf die knochen,positiv,großer erfolg welt zeigte solidarisch sport amp legte politik seite teamgeist menschlichkeit amp sport dominierten dt spaßbremsen amp blamierten international knochen
124,sagt dass für die andere ausgebildet sind leider sind nicht alle hierfür ausgebildet einige haben noch nicht mal eine oder ein abgeschlossen via,neutral,sagt ausgebildet leider hierfür ausgebildet mal abgeschlossen via
125,die war in katar war das jetzt im nachhinein so schlimm wie gedacht mein fazit eindeutiges nein,positiv,katar nachhinein schlimm gedacht fazit eindeutiges nein
126,warum musste vom scheich gezwungen messi das durchsichtige neglig anziehen der scheich der alte schwerenöter,negativ,warum scheich gezwungen messi durchsichtige neglig anziehen scheich alte schwerenöter
127,ich versteh nich warum menschen immer noch irritiert sind wenn ich sage dass ich kein fußball gucke digga würde ich mich für sport interessieren wär ich nich fett,neutral,versteh nich warum menschen immer irritiert sage fußball gucke digga sport interessieren wär nich fett
128,nach einem krimi gegen haben die argentinier nach 36 jahren erneut den pokal geholt insgesamt das dritte mal auch in feierten die menschen ausgelassen,neutral,krimi argentinier 36 jahren erneut pokal geholt insgesamt dritte mal feierten menschen ausgelassen
129,zu dieser paßt es irgendwie keine identifikation gefunden wenig informiert dann eingebildet das finale käme um 20 uhr woher auch immer ich die info hatte ca 85 minute zugeschaltet mit o2 tv zurückgespult ende 1 halbzeit gerät aufgehängt ergebnis,neutral,paßt irgendwie identifikation gefunden wenig informiert eingebildet finale käme 20 uhr woher immer info ca 85 minute zugeschaltet o2 tv zurückgespult ende 1 halbzeit gerät aufgehängt ergebnis
130,die beste wm aller zeiten was ein finale messi,positiv,beste wm zeiten finale messi
131,ihr von um eure rsche zu wärmen ist ok aber geht gar nicht,neutral,rsche wärmen ok geht gar
132,gerade im tv 2024 dann die em in deutschland endlich wieder fußball ohne schlechtes gewissen schauen meine fresse,negativ,gerade tv 2024 em deutschland endlich fußball schlechtes gewissen schauen fresse
133,nachdem diese klimafeindliche vorbei ist können wir dann endlich in deutschland die schneekanonen anwerfen und das land bis april in eine weiße skilandschaft verwandeln,neutral,nachdem klimafeindliche vorbei endlich deutschland schneekanonen anwerfen land april weiße skilandschaft verwandeln
134,wie di maria argentinien einen vorteil verschaffte und wie frankreich dank zweier bundesligastars zurück ins spiel fand meine analyse des finals gibt es in meinem tagebuch,neutral,di maria argentinien vorteil verschaffte frankreich dank zweier bundesligastars zurück spiel fand analyse final gibt tagebuch
135,wird vom zur interviewt hat aber selbst nicht ein einziges spiel angeschaut was das für eine redaktionelle auswahl wie können solche interviewpartnerinnen auch nur annähernd eine bilanz ziehen,neutral,interviewt einziges spiel angeschaut redaktionelle auswahl interviewpartnerinnen annähernd bilanz ziehen
136,das wird mein einziger tweet bleiben woher kommen die farben von von den byzantinern eh klar,neutral,einziger tweet bleiben woher kommen farben byzantinern eh klar
137,wechsel beleben frankreich aber argentinien trotzt diesen hat lionel und am ende die besseren nerven die analyse zum endspiel der von,neutral,wechsel beleben frankreich argentinien trotzt lionel ende besseren nerven analyse endspiel
138,ernste frage ist es nicht auch rassismus wenn nur schnell rennende afrikaner die chance haben in einem europäischen land sozial aufzusteigen,neutral,ernste frage rassismus schnell rennende afrikaner chance europäischen land sozial aufzusteigen
139,wird nach dem triumph an der eingekleidet und die lässt die hüllen fallen der robenmoment holt die fussballwelt auf den boden zurück wm 2022 mit der robe für messi stellt sich die fifa selbst bloss,negativ,triumph eingekleidet lässt hüllen fallen robenmoment holt fussballwelt boden zurück wm 2022 robe messi stellt fifa bloss
140,spätestens mit dieser letzten geste der wm wurde klar wie unwichtig das eigentliche spiel geworden,negativ,spätestens letzten geste wm wurde klar unwichtig eigentliche spiel geworden
141,lionel war im endspiel der der protagonist krönte seine karriere mit dem titel hat ihn über 120 minuten genau beobachtet,neutral,lionel endspiel protagonist krönte karriere titel 120 minuten genau beobachtet
142,das lächeln von messi ist das lächeln des fußballs,neutral,lächeln messi lächeln fußballs
143,für das handelsblatt darf fußball einfach nicht in und von wüstenstaaten gespielt werden und an welchem kreisligatresen gabs jemals gutes bier,negativ,handelsblatt darf fußball einfach wüstenstaaten gespielt kreisligatresen gab jemals gutes bier
144,mein heutiges abschließendes resümee zur in zwischen kritik und fußballim gespräch mit das war mein letzter akt in ich packe meine taschen und nach 2 wochen weltklimakonferenz und 4 wochen wm geht es jetzt endlich wieder nach hause,neutral,heutiges abschließendes resümee kritik fußballim gespräch letzter akt packe taschen 2 wochen weltklimakonferenz 4 wochen wm geht endlich hause
145,der event war nix eben dumm gelaufen hätte man mal die deutschen gefragt die europameisterschaft in deutschland wird aber ein hammer was regenbogenfarben angeht hab ich schon div ideen den europameister haben wir auch schon ganz ohne spiel die ukraine,neutral,event nix eben dumm gelaufen hätte mal deutschen gefragt europameisterschaft deutschland hammer regenbogenfarben angeht schon div ideen europameister schon ganz spiel ukraine
146,ein solches finale habe ich noch nie erlebt sagt der präsident des südtiroler fußballverbandes klaus schuster war die in katar besser als ihr ruf,positiv,finale nie erlebt sagt präsident südtiroler fußballverbandes klaus schuster katar besser ruf
147,ua mit und interessiert sich auch für die vorgänge im dschungel,neutral,ua interessiert vorgänge dschungel
148,wie sich heute wohl seine mitspieler fühlen wenn sie nur von lesen ich finde die berichterstattung respektlos in erster linie seinem team gegenüber was die wenigstens wissen fußball ist ein mannschaftssport messi wäre nichts ohne sein team,neutral,heute wohl mitspieler fühlen lesen finde berichterstattung respektlos erster linie team gegenüber wenigstens wissen fußball mannschaftssport messi wäre team
149,oh wie ich messi und der mannschaft diesen titel gönnen mag mit leib und seele erkämpft grandios und ich bin sonst definitv kein argentinienfan,neutral,oh messi mannschaft titel gönnen mag leib seele erkämpft grandios definitv argentinienfan
150,im fokus pressestimmen zum endspiel der,neutral,fokus pressestimmen endspiel
151,halt einfach der prinz von arabien,positiv,halt einfach prinz arabien
152,sagt denn irgend jemand einmal diesem mann wie peinlich sein aufdringlicher auftritt beim großartigen war,neutral,sagt irgend jemand mann peinlich aufdringlicher auftritt beim großartigen
153,rosario argentina feiert neben che guevara ist messi auf vielen wandmalereien zu sehen,neutral,rosario argentina feiert neben che guevara messi vielen wandmalereien sehen
154,was ein finale die neue generation schl fast die alte dame tolle story wahnsinns spiel,positiv,finale neue generation schl fast alte dame tolle story wahnsinns spiel
155,so feiern die argentinischen fans ihre fussballhelden,neutral,feiern argentinischen fan fussballhelden
156,wenn der clown in den palast kommt wird nicht der clown zum könig sondern der palast zum zirkus,neutral,clown palast kommt clown könig palast zirkus
157,jetzt wo die vorbei ist können wir uns endlich wieder auf fußball konzentrieren,neutral,vorbei endlich fußball konzentrieren
158,was ein geiles wm finale 2022 mit einem würdigen weltmeisterteam um messi,positiv,geiles wm finale 2022 würdigen weltmeisterteam messi
159,ich habe kein spiel gekuckt ich habe keine gekauft und ich habe alle anderen sponsoren dieser beukottiert,negativ,spiel gekuckt gekauft sponsoren beukottiert
160,zum glück ist die wm zu ende,negativ,glück wm ende
161,mein sportliches wmfazit solange schiedsrichter daran gemessen werden wieviele rote und gelbe karten sie geben muss jede manschaft leider viele fouls begehen um erfolgreich zu sein,neutral,sportliches wmfazit solange schiedsrichter daran gemessen wieviele rote gelbe karten geben manschaft leider viele foul begehen erfolgreich
162,wenn wir uns über den umhang aufregen der lionel messi vor der pokalübergabe umgehangen wurde sollten wir an die frauen weltweit denken denen koptuch und burka aufgezwungen werden hätte es cool gefunden wenn er ihn ausgezogen hätte,negativ,umhang aufregen lionel messi pokalübergabe umgehangen wurde sollten frau weltweit denken denen koptuch burka aufgezwungen hätte cool gefunden ausgezogen hätte
163,der ukrainische präsident wolodymyr selenskyj hat bedauert dass der fußballweltverband fifa eine bitte um eine friedensbotschaft vor dem finale der abgelehnt hat,negativ,ukrainische präsident wolodymyr selenskyj bedauert fußballweltverband fifa bitte friedensbotschaft finale abgelehnt
164,für den schutz unseres lebensraum und der tier und pflanzenarten also unserer ganz grundsätzlichen lebensgrundlage würde ich mir soviel aufmerksamkeit wie für die wünschen maybe dreams come true one time,neutral,schutz lebensraum tier pflanzenarten unserer ganz grundsätzlichen lebensgrundlage soviel aufmerksamkeit wünschen maybe dream come true one time
165,ich glaube ich hab gar keinen post gemacht also ich vergönne es ihm echt 10,neutral,glaube gar post gemacht vergönne echt 10
166,kein einziges spiel geschaut vermisse nichts scheiß,negativ,einziges spiel geschaut vermisse scheiß
167,der titel als krönung für aber die zukunft heißt ein kommentar zum wmfinale,positiv,titel krönung zukunft heißt kommentar wmfinale
168,ich persönlich finde dass genau der richtige für die in qatar ist und den satz lass ich jetzt mal wirken,positiv,persönlich finde genau richtige qatar satz lass mal wirken
169,die krönungsmesse für s superstar ist vollzogen der in ist geschichte doch was bleibt übrig von der umstrittenenen in via,positiv,krönungsmesse s superstar vollzogen geschichte bleibt übrig umstrittenenen via
170,im elfmeterschießen lionel messi krönt sich und argentinien zum weltmeister,neutral,elfmeterschießen lionel messi krönt argentinien weltmeister
171,unnötige und vulgäre showeinlage,negativ,unnötige vulgäre showeinlage
172,eine kreuzfahrt mit sheikh lionel messi amp der scheich verbringen einen liebesurlaub auf einer nachbildung der beide wollen andere islamische länder davon überzeugen die einzuführen,positiv,kreuzfahrt sheikh lionel messi amp scheich verbringen liebesurlaub nachbildung beide islamische länder davon überzeugen einzuführen
173,einseitig und überheblich sehr lesenswert was politologe kai hafez hier bilanziert,neutral,einseitig überheblich lesenswert politologe kai hafez bilanziert
174,es musste noch einmal schmierig werden schmierig und sich treu bleibt die journaille in 80 des reports wieder und wieder zum 10000de mal die moralische berlegenheit zu dokumentieren,positiv,schmierig schmierig treu bleibt journaille 80 report 10000de mal moralische berlegenheit dokumentieren
175,schön wenn der erfolg bei der wm zumindest den menschen in marokkokroatiennun insbesondere argentinien mit der krönung von messieinem wmtitel nach wieder 36 jahren soviel freude bereit,positiv,schön erfolg wm zumindest menschen marokkokroatiennun insbesondere argentinien krönung messieinem wmtitel 36 jahren soviel freude bereit
176,ehre wem ehre gebürt glückwunsch an und zum gewinn der weltmeisterschaft,neutral,ehre wem ehre gebürt glückwunsch gewinn weltmeisterschaft
177,der beim finale die ganze zeit versucht hat die aufmerksamkeit auf sich zu ziehen steht auf dem platz nachdem gegen besiegt wurde und die spieler nehmen ihn nicht einmal zur kenntnis schaute nicht mal an,neutral,beim finale ganze zeit versucht aufmerksamkeit ziehen steht platz nachdem besiegt wurde spieler nehmen kenntnis schaute mal
178,trägt da einen trauerflor zur beerdigung des ehrlichen fußballs,negativ,trägt trauerflor beerdigung ehrlichen fußballs
179,hätte gewonnen wäre es wohl selbst langsam offiziell peinlich geworden immerhin hat frankreich und katar die wm in katar auf gegenseitigkeit käuflich erworben,negativ,hätte gewonnen wäre wohl langsam offiziell peinlich geworden immerhin frankreich katar wm katar gegenseitigkeit käuflich erworben
180,denke den umhang haben bisher nicht viele angeboten bekommen man hätte ihm auch ein tuch auf den kopf stülpen können da ist die geste sehr viel vornehmer und ehrt ihn als held der toll,positiv,denke umhang bisher viele angeboten bekommen hätte tuch kopf stülpen geste vornehmer ehrt held toll
181,lionel messi der beste spieler der fußballgeschichte goat und sheikh endlich hat er es geschafft und die wm gewonnen eine großartige nacht das beste wmfinale und die beste wm aller zeitenin katar,positiv,lionel messi beste spieler fußballgeschichte goat sheikh endlich geschafft wm gewonnen großartige nacht beste wmfinale beste wm zeitenin katar
182,was macht jetzt mit den riesigen stadien,neutral,macht riesigen stadien
183,der größte moment deiner karriere und dann bist du optisch für alle zeiten nicht teil deines teams sondern ein fremdkörper im schwarzen mantel weil ein korrupter emir den moment für eigenwerbung kapert diese dreckswm endet immerhin konsequent,neutral,größte moment karriere optisch zeiten teil team fremdkörper schwarzen mantel korrupter emir moment eigenwerbung kapert dreckswm endet immerhin konsequent
184,warum durften bei der wm jetzt eigentlich nicht die frauen mitspielen hab gedacht das geschlechter obsolet sind,negativ,warum durften wm eigentlich frau mitspielen gedacht geschlechter obsolet
185,was für ein geiles spiel krass herzlichen glückwunsch ihr wahnsinnigen,positiv,geiles spiel krass herzlichen glückwunsch wahnsinnigen
186,2022 hat es ohne spiel um platz 3 und finale 45 tore nach flanken aus dem spiel heraus gegeben 2018 waren es nur 24 damit hat sich die zahl fast verdoppelt 21 und das bei weniger hereingaben 2018 waren es noch 143 pro spiel diesmal nur 135,positiv,2022 spiel platz 3 finale 45 tore flanken spiel heraus gegeben 2018 24 zahl fast verdoppelt 21 weniger hereingaben 2018 143 pro spiel diesmal 135
187,nicht vergessen wir sind trotzdem weltmeister der herzen amk,neutral,vergessen trotzdem weltmeister herzen amk
188,mehr muss man zu der wm dann auch nicht mehr sagen,positiv,mehr wm mehr sagen
189,ber die legt sich jetzt der wüstensand ist in 3 ländern in amerika was für ein zeichen der hoffnung die bewerbungen israeliran in nordsüdkorea,neutral,ber legt wüstensand 3 ländern amerika zeichen hoffnung bewerbungen israeliran nordsüdkorea
190,wie verbittert muss man sein,neutral,verbittert
191,straßen verstopft buenos aires im wmfieber,neutral,straßen verstopft buenos aire wmfieber
192,mein großartiger ehemaliger gastbruder aus schickt frische bilder man kann es dem krisengebeutelten land nur gönnen,neutral,großartiger ehemaliger gastbruder schickt frische bilder krisengebeutelten land gönnen
193,fifaboss infantilo hat gerade bekannt gegeben wm für immer in katar jedes jahr im winter mit 148 mannschaften das ist endlich one football,positiv,fifaboss infantilo gerade bekannt gegeben wm immer katar jahr winter 148 mannschaften endlich one football
194,unterbundener protest bei wmfinale mitglieder offenbar in festgenommen via,negativ,unterbundener protest wmfinale mitglieder offenbar festgenommen via
195,endlich ist diese mafiainszenierung vorbei jetzt müßte sich nur noch in luft auflösen,negativ,endlich mafiainszenierung vorbei müßte luft auflösen
196,beispielbild für mögliches outfit für die pokalübergabe bei der 2026,positiv,beispielbild mögliches outfit pokalübergabe 2026
197,der dritte stern für,neutral,dritte stern
198,ja eine mannschaft aus weißen spielern denen fußball wichtiger war als die fühlis von geistig verwirren lgtwürgis ist geworden nicht dass hier in deppenland jemand was draus lernen würde,neutral,ja mannschaft weißen spielern denen fußball wichtiger fühlis geistig verwirren lgtwürgis geworden deppenland jemand draus lernen
199,schaut mal vorbei,neutral,schaut mal vorbei
200,ich weiß echt nicht was man dazu noch sagen soll,neutral,weiß echt sagen
201,mein verhältnis zum montagmorgen ist in etwa wie mbappes reaktion auf macron leider gibt es einfach kein entkommen,neutral,verhältnis montagmorgen etwa mbappes reaktion macron leider gibt einfach entkommen
202,perfekte zusammenfassung,positiv,perfekte zusammenfassung
203,zu s gewinn der,neutral,s gewinn
204,messi will karriere im nationalteam noch nicht beenden,neutral,messi karriere nationalteam beenden
205,darum ist der wmsieg ein wirtschaftlicher segen für,neutral,darum wmsieg wirtschaftlicher segen
206,gibt es eigentlich irgendwann mal ein verhalten das nicht von den deutschen woken moralaposteln kommentiert und negiert wird ist ja schlimm möglicherweise ist es die höchste katarisch ehre mensch schweinsteiger,positiv,gibt eigentlich irgendwann mal verhalten deutschen woken moralaposteln kommentiert negiert ja schlimm möglicherweise höchste katarisch ehre mensch schweinsteiger
207,ich habe gerade auf das bild von messi mit dem wm pokal gewi,neutral,gerade bild messi wm pokal gewi
208,am rande der weltbekannte deutsche sportartikelhersteller adidas produziert teils zu menschenunwürdigen bedingungen textilarbeitende die trikots für profispieler nähten arbeiten für hungerlöhne u n d warten teils bis heute auf ihre löhne,positiv,rande weltbekannte deutsche sportartikelhersteller adidas produziert teils menschenunwürdigen bedingungen textilarbeitende trikots profispieler nähten arbeiten hungerlöhne u n d warten teils heute löhne
209,da hast du fein was verpasst das war eine super,positiv,hast fein verpasst super
210,glückwunsch an zur krönung als bester spieler aller zeiten mit dem titel bei der in für und an für den richtigen tipp in der wmbeilage vom im epaper der,positiv,glückwunsch krönung bester spieler zeiten titel richtigen tipp wmbeilage epaper
211,bei aller berechtigten kritik an etc hat auch in die welt gebracht und trägt vllt auf mittelfristig dazu bei dass und zukünftig mehr auf sind hoffe ich,neutral,berechtigten kritik etc welt gebracht trägt vllt mittelfristig zukünftig mehr hoffe
212,haben die marokkaner heute auch wieder alles ruiniert,neutral,marokkaner heute ruiniert
213,absoluter hat heute bis zum schluß gekämpft sein team angeführt gemeinsam verdient den titel für gewonnen 36 jahre hats gedauert damals mit,neutral,absoluter heute schluß gekämpft team angeführt gemeinsam verdient titel gewonnen 36 jahre hat gedauert damals
214,selbst ich bin mittlerweile so woke dass ich weiß dass mein kommentar zu dieser werbung nicht mehr zeitgemäß wäre,neutral,mittlerweile woke weiß kommentar werbung mehr zeitgemäß wäre
215,panik und chaos bei anreise zum wmfinale na ja hierzulande reichen der bahn sibirische 5 grad celsius zum chaos ansonsten etwas was dank der weitsichtigen planung von dfb und politik dem deutschen fan erspart blieb und auf sicht auch erspart bleiben wird,positiv,panik chaos anreise wmfinale na ja hierzulande reichen bahn sibirische 5 grad celsius chaos ansonsten dank weitsichtigen planung dfb politik deutschen fan erspart blieb sicht erspart bleiben
216,ey das ist doch nur ein umhang der zu besonderen anlässen getragen wird ich glaube nicht das sich dadurch unwohl fühlte aber das ist deutschland leider dieser tage nix auf die kette bekommen schon gar nicht bei dieser aber immer meckern,positiv,ey umhang besonderen anlässen getragen glaube dadurch unwohl fühlte deutschland leider tage nix kette bekommen schon gar immer meckern
217,die zehn schönsten tore der wm 2022,neutral,zehn schönsten tore wm 2022
218,es gab zwar viel hetze und missverständnisse müssen diesen moment aber dafür nutzen um aufeinander zuzugehen anstatt weitere parallelgesellschaften in ihren positionen zu festigen,positiv,gab hetze missverständnisse müssen moment dafür nutzen aufeinander zuzugehen anstatt weitere parallelgesellschaften positionen festigen
219,stell dir vor du machst 4 tore in einem wm finale und verlierst es trotzdem,neutral,stell machst 4 tore wm finale verlierst trotzdem
220,die stimmen zum wmfinale,neutral,stimmen wmfinale
221,dieser legende namens messi im moment seines lebens die katarischroyale robe vom könig selbst umzuhängen ist wahrlich eine ehre,positiv,legende namens messi moment lebens katarischroyale robe könig umzuhängen wahrlich ehre
222,du redest von korrupten scheichs dabei solltet ihr besser mal vor unserer eigenen schweizer nati haustür kehren muri ist ein fass ohne boden an vetternwirtschaft aber eben medien lassen sich halt auch kaufen,positiv,redest korrupten scheichs dabei solltet besser mal unserer eigenen schweizer nati haustür kehren muri fas boden vetternwirtschaft eben medien lassen halt kaufen
223,wenn bei der nur spieler in einer nationalmannschaft zugelassen wären die auch aus dem land stammen und keine internationalen söldnertruppen wäre kroatien im finale gewesen und frankreich hätte gar nicht antreten dürfen,neutral,spieler nationalmannschaft zugelassen wären land stammen internationalen söldnertruppen wäre kroatien finale frankreich hätte gar antreten dürfen
224,ganz frankreich wurde heute von argentinien gefckt messi hat gezeigt wer der wahre goat ist,neutral,ganz frankreich wurde heute argentinien gefckt messi gezeigt wer wahre goat
225,habe die wm nicht gesehen da boykottiert kann und darf also nichts sagen zu den spielen spielern aber habe es natürlich medial verfolgt wie so manches kommentiert wurde und wie berichtet wurde insgesamt hoffe ich auch für mich,neutral,wm gesehen boykottiert darf sagen spielen spielern natürlich medial verfolgt kommentiert wurde berichtet wurde insgesamt hoffe
226,das hat eben mit dem austragungsort zu tun und der ist mehr als fraglich aber da hätte man vor bzw kurz nach der vergabe der tätig werden müssen während der wm ist das nur noch peinlich und verlogen mit dem gespielten fußball hat das aber nichts zu tun der war ok,negativ,eben austragungsort tun mehr fraglich hätte bzw kurz vergabe tätig müssen wm peinlich verlogen gespielten fußball tun ok
227,und in deutschland darfst du dich nicht mehr als indianer verkleiden,positiv,deutschland darfst mehr indianer verkleiden
228,wann startet eigentlich die fußball wm und mein ihr dass deutschland die gruppenphase übersteht,neutral,wann startet eigentlich fußball wm deutschland gruppenphase übersteht
229,die haben echt freikarten an hinz und kunz verteilt und dann waren beim finale trotzdem noch viele plätze frei,neutral,echt freikarten hinz kunz verteilt beim finale trotzdem viele plätze frei
230,katars emir wollte mit der geschichte schreiben aus sicht der arabischen welt ist ihm das gelungen außerhalb der region gerät das emirat aber wieder in verruf t,positiv,katar emir geschichte schreiben sicht arabischen welt gelungen außerhalb region gerät emirat verruf t
231,wie kann euch die immer noch interessieren wenn längst klar ist dass ash ketchum weltmeister geworden ist,neutral,immer interessieren längst klar ash ketchum weltmeister geworden
232,die gastarbeiter nachdem gutmenschen erzählen wie stolz sie drauf sind die nicht geschaut zu haben,neutral,gastarbeiter nachdem gutmenschen erzählen stolz drauf geschaut
233,vergesst argentinien das sind wikrlich die gewinner der weltmeisterschaft in katar,neutral,vergesst argentinien wikrlich gewinner weltmeisterschaft katar
234,weiß die quelle nicht aber sagt einiges,neutral,weiß quelle sagt
235,die erste fußballweltmeisterschaft seit jahrenjahrzehnten bei der ich kein einziges spiel gesehen habe das hätte ich mir auch nicht träumen lassen,negativ,erste fußballweltmeisterschaft seit jahrenjahrzehnten einziges spiel gesehen hätte träumen lassen
236,meine letzten worte zur bitte unterscheidet ob ein verschossen wird oder ob der torwart ihn hält das ist ein unterschied,neutral,letzten worte bitte unterscheidet verschossen torwart hält unterschied
237,darauf kannst du dir einen fappen genosse,neutral,darauf kannst fappen genosse
238,heute abend in reto rufer von zu in und wahl müssen priorität haben,neutral,heute abend reto rufer wahl müssen priorität
239,wurden nepalesische arbeiter nach erdbeben in festgehalten neue schwere vorwürfe gegen macher,neutral,wurden nepalesische arbeiter erdbeben festgehalten neue schwere vorwürfe macher
240,ließen die macher nepalesen nicht zur beerdigung der erdbebenopfer mein text,neutral,ließen macher nepalesen beerdigung erdbebenopfer text
241,für die in katar kommen auf jedes spiel bis jetzt 62 tote arbeiter,negativ,katar kommen spiel 62 tote arbeiter
242,von hätte deutschland auch keine punkte bekommen die kritik wegen der wmvergabe ist zu stark,neutral,hätte deutschland punkte bekommen kritik wegen wmvergabe stark
243,gute pr aktion für die wm in katar,negativ,gute pr aktion wm katar
244,alles nur lippenbekenntnisse dass sollte mal zeichen setzen und die in jetzt schon boykottieren,negativ,lippenbekenntnisse mal zeichen setzen schon boykottieren
245,übt erneut scharfe kritik an,negativ,übt erneut scharfe kritik
246,neuer bericht arbeitsbedingungen für arbeiter in weiterhin katastrophal,negativ,neuer bericht arbeitsbedingungen arbeiter weiterhin katastrophal
247,die leeren versprechungen der regierung von vor muss handeln neuer bericht,negativ,leeren versprechungen regierung handeln neuer bericht
248,is a dictator er ist täter und mitverantwortlich für die,negativ,is a dictator täter mitverantwortlich
249,oton der herr hat soviel mit fußball zu tun wie ich mit raumfahrt,neutral,oton herr soviel fußball tun raumfahrt
250,ihr schaut absichtlich weg weil ihr auf eure gehälter schmiergelder nicht verzichten wollt ihr seid mittäter,negativ,schaut absichtlich gehälter schmiergelder verzichten wollt seid mittäter
251,fail bei wenig imageförderndes von sprecher koch macht auf friedman erkenntnis0,neutral,fail wenig imageförderndes sprecher koch macht friedman erkenntnis0
252,ihr macht euch alle zum mittäter amp unterstützt,neutral,macht mittäter amp unterstützt
253,können die 3 bitte nochmal in ne anständige sendung kommen in der sie mehr als 10 minuten richtig diskutieren können,neutral,3 bitte nochmal ne anständige sendung kommen mehr 10 minuten richtig diskutieren
254,grandios der norbert blüm bei über die in,neutral,grandios norbert blüm
255,warum schmeißt ihr den sprecher nicht raus bei ist menschenverachtend,negativ,warum schmeißt sprecher raus menschenverachtend
256,blüm heizt dem schmierbolzen blatter ein,neutral,blüm heizt schmierbolzen blatter
257,nobert räumt bei auf endlich redet mal jemand klartext mit der bzgl der bedingungen in,positiv,nobert räumt endlich redet mal jemand klartext bzgl bedingungen
258,sprecher alexander koch vs norbert bei thema menschenrechtsverletzungen in,negativ,sprecher alexander koch v norbert thema menschenrechtsverletzungen
259,norbert ist gleich wieder bei ebenso wie ein vertreter der,neutral,norbert gleich ebenso vertreter
260,langsam wirds interessant ob die noch in stattfinden wirdunmöglich genauso wie,negativ,langsam wirds interessant stattfinden wirdunmöglich genauso
261,und sein team bei recherchen zu arbeitsbedingungen auf baustellen festgenommen,negativ,team recherchen arbeitsbedingungen baustellen festgenommen
262,wenn einen die retweetet kann es mit ner einladungen zur kritischen berichterstattung über die in katar nicht lang dauern,negativ,retweetet ner einladungen kritischen berichterstattung katar lang dauern
263,hinschauen wie in gastarbeiter unter unwürdigen bedingungen leben text amp video,negativ,hinschauen gastarbeiter unwürdigen bedingungen leben text amp video
264,spiegelonline in sind bbcjournalisten wegen recherchen zur festgenommen worden,negativ,spiegelonline bbcjournalisten wegen recherchen festgenommen worden
265,in sind journalisten w recherchen zur festgenommen worden,negativ,journalisten w recherchen festgenommen worden
266,in sind bbcjournalisten wegen recherchen zur festgenommen worden,negativ,bbcjournalisten wegen recherchen festgenommen worden
267,nach den feier von gestern zeigt fussball mit in seine schattenseiten norbert blüm ganz unverblümt,negativ,feier gestern zeigt fussball schattenseiten norbert blüm ganz unverblümt
268,norbert blüm mit stern tv in in diesem land kann keine fußballwm stattfinden via,negativ,norbert blüm stern tv land fußballwm stattfinden via
269,ermittelt zu festnahme von bbcrepotern in katar oh ja das ist die richtige instanz für solche ermittlungen,negativ,ermittelt festnahme bbcrepotern katar oh ja richtige instanz ermittlungen
270,erneute festnahme von journalisten in diesmal bbcteam wahnsinn,negativ,erneute festnahme journalisten diesmal bbcteam wahnsinn
271,vor erdbeben in berichtete über gastarbeiter die in bei einsatz für starben,negativ,erdbeben berichtete gastarbeiter einsatz starben
272,morgen in bilderstrecke von leon windscheid und mir zu in,neutral,morgen bilderstrecke leon windscheid
273,wie die verbesserung der menschenrechtslage versprach und nichts passierte morgen in welt am sonntag,negativ,verbesserung menschenrechtslage versprach passierte morgen welt sonntag
274,industrial area 16 arbeiter teilen sich 1 raum 300 männer gesamt überall kakerlaken amp dreck,negativ,industrial area 16 arbeiter teilen 1 raum 300 männer gesamt überall kakerlaken amp dreck
275,offenbar gut sind arbeitsbedingungen auf baustellen bitter standards gelten andernorts nicht,negativ,offenbar gut arbeitsbedingungen baustellen bitter standard gelten andernorts
276,lusail city 952015 42 grad im schatten hier entsteht das finalstadion für die,negativ,lusail city 952015 42 grad schatten entsteht finalstadion
277,industrial area 16 arbeiter teilen sich 1 zimmer 300 männer insgesamt überall kakerlaken amp dreck,negativ,industrial area 16 arbeiter teilen 1 zimmer 300 männer insgesamt überall kakerlaken amp dreck
278,ich war für in um zu schauen ob im land endlich die menschenrechte geachtet werden fazit nein morgen in,negativ,schauen land endlich menschenrechte geachtet fazit nein morgen
279,in diesem land kann keine fußballwm stattfinden via,negativ,land fußballwm stattfinden via
280,scheißhaus mit dusche für die arbeiter und logen für herrn blatter,negativ,scheißhaus dusche arbeiter logen herrn blatter
281,tja die gedanken eines fussballverbandes sind nicht erste seit unergründlich,neutral,tja gedanken fussballverbandes erste seit unergründlich
282,gerade bei einen bericht über die bauarbeiten in gesehen die darf niemals dort stattfinden,negativ,gerade bericht bauarbeiten gesehen darf niemals stattfinden
283,norbert blüm bei ein apell an schweinsteiger und co sklavenarbeit bei der in boykottieren danke für diese worte,negativ,norbert blüm apell schweinsteiger co sklavenarbeit boykottieren danke worte
284,hauptsache die scheffelt milliarden an dem blut klebt,negativ,hauptsache scheffelt milliarden blut klebt
285,die wm ist immer noch eine farce boykott,negativ,wm immer farce boykott
286,unmenschlich sklaverei die in sollte von allen vereine und fans boykottiert werden abartig darf nicht sein,negativ,unmenschlich sklaverei vereine fan boykottiert abartig darf
287,sehr interessant gerade zu den arbeitsbedingungen in katar,neutral,interessant gerade arbeitsbedingungen katar
288,nobert blüm und berichten jetzt über die arbeitsbedingungen in katar,neutral,nobert blüm berichten arbeitsbedingungen katar
289,es gibt sie nicht die schlechten arbeitsbedingungen in katar oder etwa doch link via sterntv,positiv,gibt schlechten arbeitsbedingungen katar etwa link via sterntv
290,der kampfrichter der für gewertet hat hätte auch bei der abstimmung zur teilgenommen haben können,neutral,kampfrichter gewertet hätte abstimmung teilgenommen
291,baut nun städte für die bauarbeiter wo die bauarbeiter dieser städte wohnen werden ist unklar,negativ,baut städte bauarbeiter bauarbeiter städte wohnen unklar
292,die in auf jeden fall ihr wollt aber nur wissen ob man auch die wm in russland boykottieren sollte,positiv,fall wollt wissen wm russland boykottieren
293,von anfang an eine schnapsidee würd mich schwer wundern wenn da noch mal was gutes bei rauskommt,negativ,anfang schnapsidee würd schwer wundern mal gutes rauskommt
294,namen im bestechungsskandal werden genannt,negativ,namen bestechungsskandal genannt
295,im der in bei berichterstattung über baustellen für verhaftet wurde,negativ,berichterstattung baustellen verhaftet wurde
296,die müsste der bezüglich der und die teilnahme europas absagen,negativ,müsste bezüglich teilnahme europa absagen
297,wenn die politik ins spiel kommt ist der sportliche sinn aussen vor und geld verdirbt den charakter,negativ,politik spiel kommt sportliche sinn aussen geld verdirbt charakter
298,noch ein grund für den fußballfreien winter 2022,neutral,grund fußballfreien winter 2022
299,rt team vom bei recherche über gastarbeiter kurzzeitig festgenommen,negativ,rt team recherche gastarbeiter kurzzeitig festgenommen
